-- MySQL dump 10.13  Distrib 8.0.25, for Win64 (x86_64)
--
-- Host: 127.0.0.1    Database: trashedy
-- ------------------------------------------------------
-- Server version	8.0.25

/*!40101 SET @OLD_CHARACTER_SET_CLIENT=@@CHARACTER_SET_CLIENT */;
/*!40101 SET @OLD_CHARACTER_SET_RESULTS=@@CHARACTER_SET_RESULTS */;
/*!40101 SET @OLD_COLLATION_CONNECTION=@@COLLATION_CONNECTION */;
/*!50503 SET NAMES utf8 */;
/*!40103 SET @OLD_TIME_ZONE=@@TIME_ZONE */;
/*!40103 SET TIME_ZONE='+00:00' */;
/*!40014 SET @OLD_UNIQUE_CHECKS=@@UNIQUE_CHECKS, UNIQUE_CHECKS=0 */;
/*!40014 SET @OLD_FOREIGN_KEY_CHECKS=@@FOREIGN_KEY_CHECKS, FOREIGN_KEY_CHECKS=0 */;
/*!40101 SET @OLD_SQL_MODE=@@SQL_MODE, SQL_MODE='NO_AUTO_VALUE_ON_ZERO' */;
/*!40111 SET @OLD_SQL_NOTES=@@SQL_NOTES, SQL_NOTES=0 */;

--
-- Table structure for table `dechet`
--

DROP TABLE IF EXISTS `dechet`;
/*!40101 SET @saved_cs_client     = @@character_set_client */;
/*!50503 SET character_set_client = utf8mb4 */;
CREATE TABLE `dechet` (
  `ID_dechet` int NOT NULL AUTO_INCREMENT,
  `date_ajout` date DEFAULT NULL,
  `url` varchar(50) NOT NULL,
  `latitude` varchar(50) DEFAULT NULL,
  `longitude` varchar(50) DEFAULT NULL,
  `type_dechet` varchar(50) DEFAULT NULL,
  `nom_departement` varchar(50) NOT NULL,
  `nom_fleuve` varchar(50) NOT NULL,
  `nom_utilisateur` varchar(50) NOT NULL,
  PRIMARY KEY (`ID_dechet`),
  KEY `nom_departement` (`nom_departement`),
  KEY `nom_fleuve` (`nom_fleuve`),
  KEY `nom_utilisateur` (`nom_utilisateur`),
  CONSTRAINT `dechet_ibfk_1` FOREIGN KEY (`nom_departement`) REFERENCES `departement` (`nom_departement`),
  CONSTRAINT `dechet_ibfk_2` FOREIGN KEY (`nom_fleuve`) REFERENCES `fleuve` (`nom_fleuve`),
  CONSTRAINT `dechet_ibfk_3` FOREIGN KEY (`nom_utilisateur`) REFERENCES `utilisateur` (`nom_utilisateur`)
) ENGINE=InnoDB AUTO_INCREMENT=255 DEFAULT CHARSET=utf8mb4 COLLATE=utf8mb4_0900_ai_ci;
/*!40101 SET character_set_client = @saved_cs_client */;

--
-- Dumping data for table `dechet`
--

LOCK TABLES `dechet` WRITE;
/*!40000 ALTER TABLE `dechet` DISABLE KEYS */;
INSERT INTO `dechet` VALUES (1,'2021-06-30','C:UsersBENOIOneDriveImagesBenoit_Claudic.jpg','48.805787010942154','2.409397811204733','other','Val-de-Marne','Seine','benoit.claudic@efrei.net'),(2,'2021-06-30','C:UsersBENOIOneDriveImagesBenoit_Claudic.jpg','48.78576629301015','2.4207150031387514','pet','Val-de-Marne','Seine','benoit.claudic@efrei.net'),(3,'2021-06-30','C:UsersBENOIOneDriveImagesBenoit_Claudic.jpg','48.83430845407685','2.379239225225942','pet','Paris','Seine','benoit.claudic@efrei.net'),(4,'2021-06-30','C:UsersBENOIOneDriveImagesBenoit_Claudic.jpg','48.84681359077733','2.3636466332353283','pet','Paris','Seine','benoit.claudic@efrei.net'),(5,'2021-06-30','C:UsersBENOIOneDriveImagesBenoit_Claudic.jpg','48.85726012211551','2.345277270501869','plastic-bag','Paris','Seine','benoit.claudic@efrei.net'),(6,'2021-06-30','C:UsersBENOIOneDriveImagesBenoit_Claudic.jpg','48.862353716651974','2.3233630257055036','pet','Paris','Seine','benoit.claudic@efrei.net'),(7,'2021-06-30','C:UsersBENOIOneDriveImagesBenoit_Claudic.jpg','48.86357095366305','2.30647979262865','other','Paris','Seine','benoit.claudic@efrei.net'),(8,'2021-06-30','C:UsersBENOIOneDriveImagesBenoit_Claudic.jpg','48.85512508698842','2.2858777960809213','pet','Paris','Seine','benoit.claudic@efrei.net'),(9,'2021-06-30','C:UsersBENOIOneDriveImagesBenoit_Claudic.jpg','48.84852922990065','2.277482440644392','other','Paris','Seine','benoit.claudic@efrei.net'),(10,'2021-06-30','C:UsersBENOIOneDriveImagesBenoit_Claudic.jpg','48.825846158786575','2.2514897022395863','pet','Hauts-de-Seine','Seine','benoit.claudic@efrei.net'),(11,'2021-06-30','C:UsersBENOIOneDriveImagesBenoit_Claudic.jpg','48.87062500728649','2.2329191522189604','plastic-bag','Hauts-de-Seine','Seine','benoit.claudic@efrei.net'),(12,'2021-06-30','C:UsersBENOIOneDriveImagesBenoit_Claudic.jpg','48.89047849043214','2.2579332251908624','pet','Hauts-de-Seine','Seine','benoit.claudic@efrei.net'),(13,'2021-06-30','C:UsersBENOIOneDriveImagesBenoit_Claudic.jpg','49.007777288761005','1.9417640585002147','other','Yvelines','Seine','benoit.claudic@efrei.net'),(14,'2021-06-30','C:UsersBENOIOneDriveImagesBenoit_Claudic.jpg','48.98956284695635','1.8631031344068205','pet','Yvelines','Seine','benoit.claudic@efrei.net'),(15,'2021-06-30','C:UsersBENOIOneDriveImagesBenoit_Claudic.jpg','48.966364716315546','1.7779611739320695','plastic-bag','Yvelines','Seine','benoit.claudic@efrei.net'),(16,'2021-06-30','C:UsersBENOIOneDriveImagesBenoit_Claudic.jpg','48.84681359077733','2.3636466332353283','pet','Yvelines','Seine','benoit.claudic@efrei.net'),(17,'2021-06-30','C:UsersBENOIOneDriveImagesBenoit_Claudic.jpg','45.761973237061696','4.839737679809496','pet','Rhone','Rhône','benoit.claudic@efrei.net'),(18,'2021-06-30','C:UsersBENOIOneDriveImagesBenoit_Claudic.jpg','45.76235510857122','4.839459334908384','pet','Rhone','Rhône','benoit.claudic@efrei.net'),(19,'2021-06-30','C:UsersBENOIOneDriveImagesBenoit_Claudic.jpg','45.78372459954593','4.846452599739761','plastic-bag','Rhone','Rhône','benoit.claudic@efrei.net'),(20,'2021-06-30','C:UsersBENOIOneDriveImagesBenoit_Claudic.jpg','45.78947205940411','4.874508912292287','pet','Rhone','Rhône','benoit.claudic@efrei.net'),(21,'2021-06-30','C:UsersBENOIOneDriveImagesBenoit_Claudic.jpg','45.8019888754933','4.888311345837321','other','Rhone','Rhône','benoit.claudic@efrei.net'),(22,'2021-06-30','C:UsersBENOIOneDriveImagesBenoit_Claudic.jpg','45.81085064991879','4.929199893900719','pet','Rhone','Rhône','benoit.claudic@efrei.net'),(23,'2021-06-30','C:UsersBENOIOneDriveImagesBenoit_Claudic.jpg','45.72326732113475','4.819570637696593','other','Rhone','Rhône','benoit.claudic@efrei.net'),(24,'2021-06-30','C:UsersBENOIOneDriveImagesBenoit_Claudic.jpg','45.690269095624856','4.838027852119776','pet','Rhone','Rhône','benoit.claudic@efrei.net'),(25,'2021-06-30','C:UsersBENOIOneDriveImagesBenoit_Claudic.jpg','43.61519288121472','1.4045227399178124','plastic-bag','Haute-Garonne','Garonne','benoit.claudic@efrei.net'),(26,'2021-06-30','C:UsersBENOIOneDriveImagesBenoit_Claudic.jpg','43.60115434299478','1.437759790064941','pet','Haute-Garonne','Garonne','benoit.claudic@efrei.net'),(27,'2021-06-30','C:UsersBENOIOneDriveImagesBenoit_Claudic.jpg','43.58652246374704','1.4317315013577456','plastic-bag','Haute-Garonne','Garonne','benoit.claudic@efrei.net'),(28,'2021-06-30','C:UsersBENOIOneDriveImagesBenoit_Claudic.jpg','43.55163941182838','1.438248569897598','other','Haute-Garonne','Garonne','benoit.claudic@efrei.net'),(29,'2021-06-30','C:UsersBENOIOneDriveImagesBenoit_Claudic.jpg','43.522484931648094','1.4134330178519185','pet','Haute-Garonne','Garonne','benoit.claudic@efrei.net'),(30,'2021-06-30','C:UsersBENOIOneDriveImagesBenoit_Claudic.jpg','43.580907141239464','1.4280594140096359','plastic-bag','Haute-Garonne','Garonne','benoit.claudic@efrei.net'),(31,'2021-06-30','C:UsersBENOIOneDriveImagesBenoit_Claudic.jpg','43.56086827525089','1.4384219178760043','plastic-bag','Haute-Garonne','Garonne','benoit.claudic@efrei.net'),(32,'2021-06-30','C:UsersBENOIOneDriveImagesBenoit_Claudic.jpg','43.644101885365735','3.5261793272133173','pet','Herault','Hérault','benoit.claudic@efrei.net'),(33,'2021-06-30','C:UsersBENOIOneDriveImagesBenoit_Claudic.jpg','43.64381365479567','3.5256095764462074','pet','Herault','Hérault','benoit.claudic@efrei.net'),(34,'2021-06-30','C:UsersBENOIOneDriveImagesBenoit_Claudic.jpg','43.66488345558367','3.545618121742323','plastic-bag','Herault','Hérault','benoit.claudic@efrei.net'),(35,'2021-06-30','C:UsersBENOIOneDriveImagesBenoit_Claudic.jpg','43.59389474046495','3.4885106924878193','pet','Herault','Hérault','benoit.claudic@efrei.net'),(36,'2021-06-30','C:UsersBENOIOneDriveImagesBenoit_Claudic.jpg','43.564300866314234','3.4767556655637164','other','Herault','Hérault','benoit.claudic@efrei.net'),(37,'2021-06-30','C:UsersBENOIOneDriveImagesBenoit_Claudic.jpg','43.54717868193423','3.480130871343045','pet','Herault','Hérault','benoit.claudic@efrei.net'),(38,'2021-06-30','C:UsersBENOIOneDriveImagesBenoit_Claudic.jpg','47.20647794552227','-1.729728440946842','other','Loire-Atlantique','Loire','benoit.claudic@efrei.net'),(39,'2021-06-30','C:UsersBENOIOneDriveImagesBenoit_Claudic.jpg','47.19221774408359','-1.6333555621197133','pet','Loire-Atlantique','Loire','benoit.claudic@efrei.net'),(40,'2021-06-30','C:UsersBENOIOneDriveImagesBenoit_Claudic.jpg','47.19629247844307','-1.5823850173178093','plastic-bag','Loire-Atlantique','Loire','benoit.claudic@efrei.net'),(41,'2021-06-30','C:UsersBENOIOneDriveImagesBenoit_Claudic.jpg','47.22829736191928','-1.4753040408432219','pet','Loire-Atlantique','Loire','benoit.claudic@efrei.net'),(42,'2021-06-30','C:UsersBENOIOneDriveImagesBenoit_Claudic.jpg','47.41564816689845','-0.47913249998244073','plastic-bag','Maine-et-Loire','Loire','benoit.claudic@efrei.net'),(43,'2021-06-30','C:UsersBENOIOneDriveImagesBenoit_Claudic.jpg','47.412552637907815','-0.3530506810955335','other','Maine-et-Loire','Loire','benoit.claudic@efrei.net'),(44,'2021-06-30','C:UsersBENOIOneDriveImagesBenoit_Claudic.jpg','47.4061109227646','-0.33436618137294605','pet','Maine-et-Loire','Loire','benoit.claudic@efrei.net'),(45,'2021-06-30','C:UsersBENOIOneDriveImagesBenoit_Claudic.jpg','47.392098804085876','0.6509820880325161','plastic-bag','Indre-et-Loire','Loire','benoit.claudic@efrei.net'),(46,'2021-06-30','C:UsersBENOIOneDriveImagesBenoit_Claudic.jpg','47.395852290911336','0.6720518561024315','pet','Indre-et-Loire','Loire','benoit.claudic@efrei.net'),(47,'2021-06-30','C:UsersBENOIOneDriveImagesBenoit_Claudic.jpg','47.40016847025013','0.7042109757880914','plastic-bag','Indre-et-Loire','Loire','benoit.claudic@efrei.net'),(48,'2021-06-30','C:UsersBENOIOneDriveImagesBenoit_Claudic.jpg','47.40148201987036','0.7402513685392621','plastic-bag','Indre-et-Loire','Loire','benoit.claudic@efrei.net'),(49,'2021-07-01','C:UsersBENOIOneDriveImagesBenoit_Claudic.jpg','42.115520160649304','8.812733914741385','pet','Corse-du-Sud','Liamone','benoit.claudic@efrei.net'),(50,'2021-07-01','C:UsersBENOIOneDriveImagesBenoit_Claudic.jpg','42.112352812694304','8.806142034409346','pet','Corse-du-Sud','Liamone','benoit.claudic@efrei.net'),(51,'2021-07-01','C:UsersBENOIOneDriveImagesBenoit_Claudic.jpg','42.11314929520569','8.801747447521324','plastic-bag','Corse-du-Sud','Liamone','benoit.claudic@efrei.net'),(52,'2021-07-01','C:UsersBENOIOneDriveImagesBenoit_Claudic.jpg','42.10875925547823','8.797302922273367','pet','Corse-du-Sud','Liamone','benoit.claudic@efrei.net'),(53,'2021-07-01','C:UsersBENOIOneDriveImagesBenoit_Claudic.jpg','42.105813868570436','8.791110549840242','other','Corse-du-Sud','Liamone','benoit.claudic@efrei.net'),(54,'2021-07-01','C:UsersBENOIOneDriveImagesBenoit_Claudic.jpg','42.10360936987067','8.783919407801548','pet','Corse-du-Sud','Liamone','benoit.claudic@efrei.net'),(55,'2021-07-01','C:UsersBENOIOneDriveImagesBenoit_Claudic.jpg','42.115520160649304','8.812733914741385','pet','Corse-du-Sud','Liamone','benoit.claudic@efrei.net'),(56,'2021-07-01','C:UsersBENOIOneDriveImagesBenoit_Claudic.jpg','42.112352812694304','8.806142034409346','pet','Corse-du-Sud','Liamone','benoit.claudic@efrei.net'),(57,'2021-07-01','C:UsersBENOIOneDriveImagesBenoit_Claudic.jpg','42.11314929520569','8.801747447521324','plastic-bag','Corse-du-Sud','Liamone','benoit.claudic@efrei.net'),(58,'2021-07-01','C:UsersBENOIOneDriveImagesBenoit_Claudic.jpg','42.10875925547823','8.797302922273367','pet','Corse-du-Sud','Liamone','benoit.claudic@efrei.net'),(59,'2021-07-01','C:UsersBENOIOneDriveImagesBenoit_Claudic.jpg','42.105813868570436','8.791110549840242','other','Corse-du-Sud','Liamone','benoit.claudic@efrei.net'),(60,'2021-07-01','C:UsersBENOIOneDriveImagesBenoit_Claudic.jpg','42.10360936987067','8.783919407801548','pet','Corse-du-Sud','Liamone','benoit.claudic@efrei.net'),(61,'2021-07-01','C:UsersBENOIOneDriveImagesBenoit_Claudic.jpg','42.101052796409995','8.770061477695807','other','Corse-du-Sud','Liamone','benoit.claudic@efrei.net'),(62,'2021-07-01','C:UsersBENOIOneDriveImagesBenoit_Claudic.jpg','42.09247455425047','8.762096289084994','pet','Corse-du-Sud','Liamone','benoit.claudic@efrei.net'),(63,'2021-07-01','C:UsersBENOIOneDriveImagesBenoit_Claudic.jpg','42.08869457174776','8.745916219334813','plastic-bag','Corse-du-Sud','Liamone','benoit.claudic@efrei.net'),(64,'2021-07-01','C:UsersBENOIOneDriveImagesBenoit_Claudic.jpg','42.07616713751297','8.732657551027739','pet','Corse-du-Sud','Liamone','benoit.claudic@efrei.net'),(65,'2021-07-01','C:UsersBENOIOneDriveImagesBenoit_Claudic.jpg','42.0799663987987','8.728038241044661','plastic-bag','Corse-du-Sud','Liamone','benoit.claudic@efrei.net'),(66,'2021-07-01','C:UsersBENOIOneDriveImagesBenoit_Claudic.jpg','42.077798067783874','8.718899497857066','other','Corse-du-Sud','Liamone','benoit.claudic@efrei.net'),(67,'2021-07-01','C:UsersBENOIOneDriveImagesBenoit_Claudic.jpg','42.116140061228045','8.81789535232378','pet','Corse-du-Sud','Liamone','benoit.claudic@efrei.net'),(69,'2021-07-01','C:UsersBENOIOneDriveImagesBenoit_Claudic.jpg','42.115520160649304','8.812733914741385','pet','Corse-du-Sud','Liamone','benoit.claudic@efrei.net'),(70,'2021-07-01','C:UsersBENOIOneDriveImagesBenoit_Claudic.jpg','42.112352812694304','8.806142034409346','pet','Corse-du-Sud','Liamone','benoit.claudic@efrei.net'),(71,'2021-07-01','C:UsersBENOIOneDriveImagesBenoit_Claudic.jpg','42.11314929520569','8.801747447521324','plastic-bag','Corse-du-Sud','Liamone','benoit.claudic@efrei.net'),(72,'2021-07-01','C:UsersBENOIOneDriveImagesBenoit_Claudic.jpg','42.10875925547823','8.797302922273367','pet','Corse-du-Sud','Liamone','benoit.claudic@efrei.net'),(73,'2021-07-01','C:UsersBENOIOneDriveImagesBenoit_Claudic.jpg','42.105813868570436','8.791110549840242','other','Corse-du-Sud','Liamone','benoit.claudic@efrei.net'),(74,'2021-07-01','C:UsersBENOIOneDriveImagesBenoit_Claudic.jpg','42.10360936987067','8.783919407801548','pet','Corse-du-Sud','Liamone','benoit.claudic@efrei.net'),(75,'2021-07-01','C:UsersBENOIOneDriveImagesBenoit_Claudic.jpg','42.101052796409995','8.770061477695807','other','Corse-du-Sud','Liamone','benoit.claudic@efrei.net'),(76,'2021-07-01','C:UsersBENOIOneDriveImagesBenoit_Claudic.jpg','42.09247455425047','8.762096289084994','pet','Corse-du-Sud','Liamone','benoit.claudic@efrei.net'),(77,'2021-07-01','C:UsersBENOIOneDriveImagesBenoit_Claudic.jpg','42.08869457174776','8.745916219334813','plastic-bag','Corse-du-Sud','Liamone','benoit.claudic@efrei.net'),(78,'2021-07-01','C:UsersBENOIOneDriveImagesBenoit_Claudic.jpg','42.07616713751297','8.732657551027739','pet','Corse-du-Sud','Liamone','benoit.claudic@efrei.net'),(79,'2021-07-01','C:UsersBENOIOneDriveImagesBenoit_Claudic.jpg','42.0799663987987','8.728038241044661','plastic-bag','Corse-du-Sud','Liamone','benoit.claudic@efrei.net'),(80,'2021-07-01','C:UsersBENOIOneDriveImagesBenoit_Claudic.jpg','42.077798067783874','8.718899497857066','other','Corse-du-Sud','Liamone','benoit.claudic@efrei.net'),(81,'2021-07-01','C:UsersBENOIOneDriveImagesBenoit_Claudic.jpg','42.116140061228045','8.81789535232378','pet','Corse-du-Sud','Liamone','benoit.claudic@efrei.net'),(83,'2021-07-02','C:UsersBENOIOneDriveImagesBenoit_Claudic.jpg','42.53135612345892','9.51698747073221','plastic-bag','Haute-Corse','Golo','benoit.claudic@efrei.net'),(84,'2021-07-02','C:UsersBENOIOneDriveImagesBenoit_Claudic.jpg','42.53300513887424','9.494568837900534','pet','Haute-Corse','Golo','benoit.claudic@efrei.net'),(85,'2021-07-02','C:UsersBENOIOneDriveImagesBenoit_Claudic.jpg','42.52471234413178','9.532277404748765','plastic-bag','Haute-Corse','Golo','benoit.claudic@efrei.net'),(86,'2021-07-02','C:UsersBENOIOneDriveImagesBenoit_Claudic.jpg','42.52016678742493','9.418772995148995','other','Haute-Corse','Golo','benoit.claudic@efrei.net'),(87,'2021-07-02','C:UsersBENOIOneDriveImagesBenoit_Claudic.jpg','42.51043222657109','9.34969685765618','plastic-bag','Haute-Corse','Golo','benoit.claudic@efrei.net'),(88,'2021-07-02','C:UsersBENOIOneDriveImagesBenoit_Claudic.jpg','42.51043222657109','9.34969685765618','plastic-bag','Haute-Corse','Golo','benoit.claudic@efrei.net'),(89,'2021-07-02','C:UsersBENOIOneDriveImagesBenoit_Claudic.jpg','42.50744108266631','9.322916741913298','pet','Haute-Corse','Golo','benoit.claudic@efrei.net'),(90,'2021-07-02','C:UsersBENOIOneDriveImagesBenoit_Claudic.jpg','42.47608528393221','9.266651448103703','pet','Haute-Corse','Golo','benoit.claudic@efrei.net'),(91,'2021-07-02','C:UsersBENOIOneDriveImagesBenoit_Claudic.jpg','42.471539695528975','9.2108423527495','plastic-bag','Haute-Corse','Golo','benoit.claudic@efrei.net'),(92,'2021-07-02','C:UsersBENOIOneDriveImagesBenoit_Claudic.jpg','42.46966409619801','9.237081455936577','other','Haute-Corse','Golo','benoit.claudic@efrei.net'),(93,'2021-07-02','C:UsersBENOIOneDriveImagesBenoit_Claudic.jpg','42.475768479711476','9.26642943505415','other','Haute-Corse','Golo','benoit.claudic@efrei.net'),(94,'2021-07-02','C:UsersBENOIOneDriveImagesBenoit_Claudic.jpg','42.487890316018316','9.285655509528128','other','Haute-Corse','Golo','benoit.claudic@efrei.net'),(95,'2021-07-02','C:UsersBENOIOneDriveImagesBenoit_Claudic.jpg','42.47367249622925','9.254035774665052','other','Haute-Corse','Golo','benoit.claudic@efrei.net'),(96,'2021-07-02','C:UsersBENOIOneDriveImagesBenoit_Claudic.jpg','42.48302351939422','9.196018602549804','plastic-bag','Haute-Corse','Golo','benoit.claudic@efrei.net'),(97,'2021-07-02','C:UsersBENOIOneDriveImagesBenoit_Claudic.jpg','42.48198566030271','9.15331570422111','other','Haute-Corse','Golo','benoit.claudic@efrei.net'),(98,'2021-07-02','C:UsersBENOIOneDriveImagesBenoit_Claudic.jpg','42.536756327988364','9.49907001055358','pet','Haute-Corse','Golo','benoit.claudic@efrei.net'),(103,'2021-07-02','C:UsersBENOIOneDriveImagesBenoit_Claudic.jpg','48.596961444021055','7.809998143961346','other','Bas-Rhin','Rhin','benoit.claudic@efrei.net'),(104,'2021-07-02','C:UsersBENOIOneDriveImagesBenoit_Claudic.jpg','48.529922649052594','-1.9734489701802231','plastic-bag','Cotes-d\'Armor','Rance','benoit.claudic@efrei.net'),(105,'2021-07-02','C:UsersBENOIOneDriveImagesBenoit_Claudic.jpg','48.49833664322473','-1.9884377339691184','other','Cotes-d\'Armor','Rance','benoit.claudic@efrei.net'),(106,'2021-07-02','C:UsersBENOIOneDriveImagesBenoit_Claudic.jpg','48.47458021089254','-2.006033239144911','pet','Cotes-d\'Armor','Rance','benoit.claudic@efrei.net'),(107,'2021-07-02','C:UsersBENOIOneDriveImagesBenoit_Claudic.jpg','48.457023412865766','-2.0374398527414272','other','Cotes-d\'Armor','Rance','benoit.claudic@efrei.net'),(108,'2021-07-02','C:UsersBENOIOneDriveImagesBenoit_Claudic.jpg','48.4530452196248','-2.0350581298996033','plastic-bag','Cotes-d\'Armor','Rance','benoit.claudic@efrei.net'),(109,'2021-07-02','C:UsersBENOIOneDriveImagesBenoit_Claudic.jpg','48.44827682733758','-2.0380573363929684','pet','Cotes-d\'Armor','Rance','benoit.claudic@efrei.net'),(110,'2021-07-02','C:UsersBENOIOneDriveImagesBenoit_Claudic.jpg','48.443917598502864','-2.0390717738730415','other','Cotes-d\'Armor','Rance','benoit.claudic@efrei.net'),(111,'2021-07-02','C:UsersBENOIOneDriveImagesBenoit_Claudic.jpg','48.436602615670715','-2.0393805157317373','plastic-bag','Cotes-d\'Armor','Rance','benoit.claudic@efrei.net'),(112,'2021-07-02','C:UsersBENOIOneDriveImagesBenoit_Claudic.jpg','48.435198018375445','-2.0371311108654506','pet','Cotes-d\'Armor','Rance','benoit.claudic@efrei.net'),(113,'2021-07-02','C:UsersBENOIOneDriveImagesBenoit_Claudic.jpg','48.428496384407566','-2.033337996779471','other','Cotes-d\'Armor','Rance','benoit.claudic@efrei.net'),(114,'2021-07-02','C:UsersBENOIOneDriveImagesBenoit_Claudic.jpg','48.42916951420027','-2.014328320198634','pet','Cotes-d\'Armor','Rance','benoit.claudic@efrei.net'),(115,'2021-07-02','C:UsersBENOIOneDriveImagesBenoit_Claudic.jpg','48.5710438848362','-2.0059029708987044','pet','Ille-et-Vilaine','Rance','benoit.claudic@efrei.net'),(116,'2021-07-02','C:UsersBENOIOneDriveImagesBenoit_Claudic.jpg','48.57560720007688','-1.9832782428850873','plastic-bag','Ille-et-Vilaine','Rance','benoit.claudic@efrei.net'),(117,'2021-07-02','C:UsersBENOIOneDriveImagesBenoit_Claudic.jpg','48.58033703151697','-1.9855491263847083','pet','Ille-et-Vilaine','Rance','benoit.claudic@efrei.net'),(118,'2021-07-02','C:UsersBENOIOneDriveImagesBenoit_Claudic.jpg','48.58807074289226','-1.9727648934550808','other','Ille-et-Vilaine','Rance','benoit.claudic@efrei.net'),(119,'2021-07-02','C:UsersBENOIOneDriveImagesBenoit_Claudic.jpg','48.58829327822039','-2.0127156213601674','plastic-bag','Ille-et-Vilaine','Rance','benoit.claudic@efrei.net'),(120,'2021-07-02','C:UsersBENOIOneDriveImagesBenoit_Claudic.jpg','48.59786137028847','-2.001529417546743','pet','Ille-et-Vilaine','Rance','benoit.claudic@efrei.net'),(121,'2021-07-02','C:UsersBENOIOneDriveImagesBenoit_Claudic.jpg','48.59858446668959','-2.0235653978959434','other','Ille-et-Vilaine','Rance','benoit.claudic@efrei.net'),(122,'2021-07-02','C:UsersBENOIOneDriveImagesBenoit_Claudic.jpg','48.61376709429883','-2.0046413688847085','pet','Ille-et-Vilaine','Rance','benoit.claudic@efrei.net'),(123,'2021-07-02','C:UsersBENOIOneDriveImagesBenoit_Claudic.jpg','50.89786029037026','2.563420659163301','pet','Nord','Yser','benoit.claudic@efrei.net'),(124,'2021-07-02','C:UsersBENOIOneDriveImagesBenoit_Claudic.jpg','50.89831979574522','2.5450973206408913','pet','Nord','Yser','benoit.claudic@efrei.net'),(125,'2021-07-02','C:UsersBENOIOneDriveImagesBenoit_Claudic.jpg','50.9011916016201','2.531327495656782','other','Nord','Yser','benoit.claudic@efrei.net'),(126,'2021-07-02','C:UsersBENOIOneDriveImagesBenoit_Claudic.jpg','50.9045456466618','2.522256896691553','plastic-bag','Nord','Yser','benoit.claudic@efrei.net'),(127,'2021-07-02','C:UsersBENOIOneDriveImagesBenoit_Claudic.jpg','50.90789945005197','2.511292036139103','other','Nord','Yser','benoit.claudic@efrei.net'),(128,'2021-07-02','C:UsersBENOIOneDriveImagesBenoit_Claudic.jpg','50.90583206556573','2.494097969019037','pet','Nord','Yser','benoit.claudic@efrei.net'),(129,'2021-07-02','C:UsersBENOIOneDriveImagesBenoit_Claudic.jpg','49.2659843385281','-1.1286153995052615','pet','Manche','Vire','benoit.claudic@efrei.net'),(130,'2021-07-02','C:UsersBENOIOneDriveImagesBenoit_Claudic.jpg','49.262253116315854','-1.1245793701656652','pet','Manche','Vire','benoit.claudic@efrei.net'),(131,'2021-07-02','C:UsersBENOIOneDriveImagesBenoit_Claudic.jpg','49.25506423101571','-1.1274802662975711','pet','Manche','Vire','benoit.claudic@efrei.net'),(132,'2021-07-02','C:UsersBENOIOneDriveImagesBenoit_Claudic.jpg','49.253664746036684','-1.1197025016754656','pet','Manche','Vire','benoit.claudic@efrei.net'),(133,'2021-07-02','C:UsersBENOIOneDriveImagesBenoit_Claudic.jpg','49.25330800824561','-1.1059547767374667','pet','Manche','Vire','benoit.claudic@efrei.net'),(134,'2021-07-02','C:UsersBENOIOneDriveImagesBenoit_Claudic.jpg','48.58130837375381','7.800147969710491','pet','Bas-Rhin','Rhin','benoit.claudic@efrei.net'),(135,'2021-07-02','C:UsersBENOIOneDriveImagesBenoit_Claudic.jpg','48.60857814448859','7.819105094415785','plastic-bag','Bas-Rhin','Rhin','benoit.claudic@efrei.net'),(136,'2021-07-02','C:UsersBENOIOneDriveImagesBenoit_Claudic.jpg','48.52295810641612','7.794934760416534','pet','Bas-Rhin','Rhin','benoit.claudic@efrei.net'),(137,'2021-07-02','C:UsersBENOIOneDriveImagesBenoit_Claudic.jpg','48.47899416020294','7.763655504652799','plastic-bag','Bas-Rhin','Rhin','benoit.claudic@efrei.net'),(138,'2021-07-02','C:UsersBENOIOneDriveImagesBenoit_Claudic.jpg','48.46956835283683','7.758442295358843','pet','Bas-Rhin','Rhin','benoit.claudic@efrei.net'),(139,'2021-07-02','C:UsersBENOIOneDriveImagesBenoit_Claudic.jpg','48.43813634854345','7.7195801900086884','pet','Bas-Rhin','Rhin','benoit.claudic@efrei.net'),(140,'2021-07-02','C:UsersBENOIOneDriveImagesBenoit_Claudic.jpg','48.542729441507255','7.80346546619418','other','Bas-Rhin','Rhin','benoit.claudic@efrei.net'),(141,'2021-07-02','C:UsersBENOIOneDriveImagesBenoit_Claudic.jpg','48.541842621569856','7.79748197625927','pet','Bas-Rhin','Rhin','benoit.claudic@efrei.net'),(142,'2021-07-02','C:UsersBENOIOneDriveImagesBenoit_Claudic.jpg','48.596961444021055','7.809998143961346','other','Bas-Rhin','Rhin','benoit.claudic@efrei.net'),(143,'2021-07-02','C:UsersBENOIOneDriveImagesBenoit_Claudic.jpg','48.60466757683698','7.817766800733038','pet','Bas-Rhin','Rhin','benoit.claudic@efrei.net'),(144,'2021-07-02','C:UsersBENOIOneDriveImagesBenoit_Claudic.jpg','48.30727595236729','7.70425809512501','other','Bas-Rhin','Rhin','benoit.claudic@efrei.net'),(145,'2021-07-02','C:UsersBENOIOneDriveImagesBenoit_Claudic.jpg','48.195092259981735','7.636645244285221','plastic-bag','Bas-Rhin','Rhin','benoit.claudic@efrei.net'),(146,'2021-07-02','C:UsersBENOIOneDriveImagesBenoit_Claudic.jpg','48.097181671561025','7.5770855423689145','pet','Bas-Rhin','Rhin','benoit.claudic@efrei.net'),(147,'2021-07-02','C:UsersBENOIOneDriveImagesBenoit_Claudic.jpg','43.94640063537119','6.9875429230382755','plastic-bag','Var','Var','benoit.claudic@efrei.net'),(148,'2021-07-02','C:UsersBENOIOneDriveImagesBenoit_Claudic.jpg','43.93449770213784','7.070790826753357','pet','Var','Var','benoit.claudic@efrei.net'),(149,'2021-07-02','C:UsersBENOIOneDriveImagesBenoit_Claudic.jpg','43.95369134561686','6.841747401046696','other','Var','Var','benoit.claudic@efrei.net'),(150,'2021-07-02','C:UsersBENOIOneDriveImagesBenoit_Claudic.jpg','43.9552994701799','6.8037720611781625','other','Var','Var','benoit.claudic@efrei.net'),(151,'2021-07-02','C:UsersBENOIOneDriveImagesBenoit_Claudic.jpg','43.99570270651894','6.777412707182589','plastic-bag','Var','Var','benoit.claudic@efrei.net'),(152,'2021-07-02','C:UsersBENOIOneDriveImagesBenoit_Claudic.jpg','43.95240481531641','6.82789757186848','other','Var','Var','benoit.claudic@efrei.net'),(153,'2021-07-02','C:UsersBENOIOneDriveImagesBenoit_Claudic.jpg','44.047505788161054','6.844985513253926','pet','Var','Var','benoit.claudic@efrei.net'),(154,'2021-07-02','C:UsersBENOIOneDriveImagesBenoit_Claudic.jpg','44.06603694061282','6.855475388085295','other','Var','Var','benoit.claudic@efrei.net'),(155,'2021-07-02','C:UsersBENOIOneDriveImagesBenoit_Claudic.jpg','44.083329277125024','6.854521762996036','plastic-bag','Var','Var','benoit.claudic@efrei.net'),(156,'2021-07-02','C:UsersBENOIOneDriveImagesBenoit_Claudic.jpg','44.115697527333204','6.805296244371757','other','Var','Var','benoit.claudic@efrei.net'),(157,'2021-07-02','C:UsersBENOIOneDriveImagesBenoit_Claudic.jpg','47.8280715083486','-1.8160393354898297','plastic-bag','Ille-et-Vilaine','Vilaine','benoit.claudic@efrei.net'),(158,'2021-07-02','C:UsersBENOIOneDriveImagesBenoit_Claudic.jpg','47.783686763144125','-1.8468470332747429','other','Ille-et-Vilaine','Vilaine','benoit.claudic@efrei.net'),(159,'2021-07-02','C:UsersBENOIOneDriveImagesBenoit_Claudic.jpg','47.888217246490846','-1.7860012218860781','other','Ille-et-Vilaine','Vilaine','benoit.claudic@efrei.net'),(160,'2021-07-02','C:UsersBENOIOneDriveImagesBenoit_Claudic.jpg','47.888217246490846','-1.7860012218860781','plastic-bag','Ille-et-Vilaine','Vilaine','benoit.claudic@efrei.net'),(161,'2021-07-02','C:UsersBENOIOneDriveImagesBenoit_Claudic.jpg','48.678411214297356','2.3888497991838737','pet','Essonne','Seine','benoit.claudic@efrei.net'),(162,'2021-07-02','C:UsersBENOIOneDriveImagesBenoit_Claudic.jpg','48.62927683742872','2.464225827599525','pet','Essonne','Seine','benoit.claudic@efrei.net'),(163,'2021-07-02','C:UsersBENOIOneDriveImagesBenoit_Claudic.jpg','48.6144281792919',' 2.4821962705192315','plastic-bag','Essonne','Seine','benoit.claudic@efrei.net'),(164,'2021-07-02','C:UsersBENOIOneDriveImagesBenoit_Claudic.jpg','48.617398260051075','2.47820283855019','pet','Essonne','Seine','benoit.claudic@efrei.net'),(165,'2021-07-02','C:UsersBENOIOneDriveImagesBenoit_Claudic.jpg','48.71419401229714','2.4092492080150096','other','Essonne','Seine','benoit.claudic@efrei.net'),(166,'2021-07-02','C:UsersBENOIOneDriveImagesBenoit_Claudic.jpg','48.641118048741895','2.447039574534824','other','Essonne','Seine','benoit.claudic@efrei.net'),(167,'2021-07-02','C:UsersBENOIOneDriveImagesBenoit_Claudic.jpg','48.681530871333784','2.3867549421192034','pet','Essonne','Seine','benoit.claudic@efrei.net'),(168,'2021-07-02','C:UsersBENOIOneDriveImagesBenoit_Claudic.jpg','48.63665876814542','2.4542377396214823','plastic-bag','Essonne','Seine','benoit.claudic@efrei.net'),(169,'2021-07-02','C:UsersBENOIOneDriveImagesBenoit_Claudic.jpg','48.90398921930808','-0.4568044219878674','plastic-bag','Calvados','Orne','benoit.claudic@efrei.net'),(170,'2021-07-02','C:UsersBENOIOneDriveImagesBenoit_Claudic.jpg','48.94443103440271','-0.5024705220506084','pet','Calvados','Orne','benoit.claudic@efrei.net'),(171,'2021-07-02','C:UsersBENOIOneDriveImagesBenoit_Claudic.jpg','48.95930312805944','-0.4799449516950058','plastic-bag','Calvados','Orne','benoit.claudic@efrei.net'),(172,'2021-07-02','C:UsersBENOIOneDriveImagesBenoit_Claudic.jpg','48.97707256350997','-0.48314283913199557','other','Calvados','Orne','benoit.claudic@efrei.net'),(173,'2021-07-02','C:UsersBENOIOneDriveImagesBenoit_Claudic.jpg','49.00465137331631','-0.46612550963799915','other','Calvados','Orne','benoit.claudic@efrei.net'),(174,'2021-07-02','C:UsersBENOIOneDriveImagesBenoit_Claudic.jpg','49.0233782702884','-0.46566866859993117','plastic-bag','Calvados','Orne','benoit.claudic@efrei.net'),(175,'2021-07-02','C:UsersBENOIOneDriveImagesBenoit_Claudic.jpg','49.045242367023356','-0.46247078116777873','pet','Calvados','Orne','benoit.claudic@efrei.net'),(176,'2021-07-02','C:UsersBENOIOneDriveImagesBenoit_Claudic.jpg','49.06305599551646','-0.4585876322027108','plastic-bag','Calvados','Orne','benoit.claudic@efrei.net'),(177,'2021-07-02','C:UsersBENOIOneDriveImagesBenoit_Claudic.jpg','49.07787087307191','-0.42855033258683983','other','Calvados','Orne','benoit.claudic@efrei.net'),(178,'2021-07-02','C:UsersBENOIOneDriveImagesBenoit_Claudic.jpg','49.09784151582479','-0.4090203772818868','pet','Calvados','Orne','benoit.claudic@efrei.net'),(179,'2021-07-02','C:UsersBENOIOneDriveImagesBenoit_Claudic.jpg','49.1202708581108','-0.3925740993515259','plastic-bag','Calvados','Orne','benoit.claudic@efrei.net'),(180,'2021-07-02','C:UsersBENOIOneDriveImagesBenoit_Claudic.jpg','49.139327827151824','-0.39988355634154876','other','Calvados','Orne','benoit.claudic@efrei.net'),(181,'2021-07-02','C:UsersBENOIOneDriveImagesBenoit_Claudic.jpg','49.15105729842148','-0.3769272931700617','plastic-bag','Calvados','Orne','benoit.claudic@efrei.net'),(182,'2021-07-02','C:UsersBENOIOneDriveImagesBenoit_Claudic.jpg','49.18040615855981','-0.3297584540159369','pet','Calvados','Orne','benoit.claudic@efrei.net'),(183,'2021-07-02','C:UsersBENOIOneDriveImagesBenoit_Claudic.jpg','49.22092825402952','-0.28555908157055493','other','Calvados','Orne','benoit.claudic@efrei.net'),(184,'2021-07-02','C:UsersBENOIOneDriveImagesBenoit_Claudic.jpg','42.53135612345892','9.51698747073221','plastic-bag','Haute-Corse','Golo','benoit.claudic@efrei.net'),(185,'2021-07-02','C:UsersBENOIOneDriveImagesBenoit_Claudic.jpg','42.53300513887424','9.494568837900534','pet','Haute-Corse','Golo','benoit.claudic@efrei.net'),(186,'2021-07-02','C:UsersBENOIOneDriveImagesBenoit_Claudic.jpg','42.52471234413178','9.532277404748765','plastic-bag','Haute-Corse','Golo','benoit.claudic@efrei.net'),(187,'2021-07-02','C:UsersBENOIOneDriveImagesBenoit_Claudic.jpg','42.52016678742493','9.418772995148995','other','Haute-Corse','Golo','benoit.claudic@efrei.net'),(188,'2021-07-02','C:UsersBENOIOneDriveImagesBenoit_Claudic.jpg','42.51043222657109','9.34969685765618','plastic-bag','Haute-Corse','Golo','benoit.claudic@efrei.net'),(189,'2021-07-02','C:UsersBENOIOneDriveImagesBenoit_Claudic.jpg','42.50744108266631','9.322916741913298','pet','Haute-Corse','Golo','benoit.claudic@efrei.net'),(190,'2021-07-02','C:UsersBENOIOneDriveImagesBenoit_Claudic.jpg','42.506045166521716','9.312529302988139','plastic-bag','Haute-Corse','Golo','benoit.claudic@efrei.net'),(191,'2021-07-02','C:UsersBENOIOneDriveImagesBenoit_Claudic.jpg','42.47608528393221','9.266651448103703','pet','Haute-Corse','Golo','benoit.claudic@efrei.net'),(192,'2021-07-02','C:UsersBENOIOneDriveImagesBenoit_Claudic.jpg','42.471539695528975','9.2108423527495','plastic-bag','Haute-Corse','Golo','benoit.claudic@efrei.net'),(193,'2021-07-02','C:UsersBENOIOneDriveImagesBenoit_Claudic.jpg','42.46966409619801','9.237081455936577','other','Haute-Corse','Golo','benoit.claudic@efrei.net'),(194,'2021-07-02','C:UsersBENOIOneDriveImagesBenoit_Claudic.jpg','42.475768479711476','9.26642943505415','other','Haute-Corse','Golo','benoit.claudic@efrei.net'),(195,'2021-07-02','C:UsersBENOIOneDriveImagesBenoit_Claudic.jpg','42.487890316018316','9.285655509528128','other','Haute-Corse','Golo','benoit.claudic@efrei.net'),(196,'2021-07-02','C:UsersBENOIOneDriveImagesBenoit_Claudic.jpg','42.47367249622925','9.254035774665052','other','Haute-Corse','Golo','benoit.claudic@efrei.net'),(197,'2021-07-02','C:UsersBENOIOneDriveImagesBenoit_Claudic.jpg','42.48302351939422','9.196018602549804','plastic-bag','Haute-Corse','Golo','benoit.claudic@efrei.net'),(198,'2021-07-02','C:UsersBENOIOneDriveImagesBenoit_Claudic.jpg','42.48198566030271','9.15331570422111','other','Haute-Corse','Golo','benoit.claudic@efrei.net'),(199,'2021-07-02','C:UsersBENOIOneDriveImagesBenoit_Claudic.jpg','42.536756327988364','9.49907001055358','pet','Haute-Corse','Golo','benoit.claudic@efrei.net'),(200,'2021-07-02','C:UsersBENOIOneDriveImagesBenoit_Claudic.jpg','42.53135612345892','9.51698747073221','plastic-bag','Haute-Corse','Golo','benoit.claudic@efrei.net'),(201,NULL,'C:UsersBENOIOneDriveImagesBenoit_Claudic.jpg','48.819156','2.404639','other','Paris','Seine','benoit.claudic@efrei.net'),(202,NULL,'C:UsersBENOIOneDriveImagesBenoit_Claudic.jpg','48.818944','2.405119','other','Paris','Seine','benoit.claudic@efrei.net'),(203,NULL,'C:UsersBENOIOneDriveImagesBenoit_Claudic.jpg','48.818944','2.405119','other','Paris','Seine','benoit.claudic@efrei.net'),(204,NULL,'C:UsersBENOIOneDriveImagesBenoit_Claudic.jpg','48.818944','2.405119','other','Paris','Seine','benoit.claudic@efrei.net'),(205,NULL,'C:UsersBENOIOneDriveImagesBenoit_Claudic.jpg','48.818944','2.405119','other','Paris','Seine','benoit.claudic@efrei.net'),(206,NULL,'C:UsersBENOIOneDriveImagesBenoit_Claudic.jpg','48.818944','2.405119','other','Paris','Seine','benoit.claudic@efrei.net'),(207,NULL,'C:UsersBENOIOneDriveImagesBenoit_Claudic.jpg','48.819050','2.401342','pet','Paris','Seine','benoit.claudic@efrei.net'),(208,NULL,'C:UsersBENOIOneDriveImagesBenoit_Claudic.jpg','48.819050','2.401342','pet','Paris','Seine','benoit.claudic@efrei.net'),(209,NULL,'C:UsersBENOIOneDriveImagesBenoit_Claudic.jpg','48.819050','2.401342','other','Paris','Seine','benoit.claudic@efrei.net'),(210,NULL,'C:UsersBENOIOneDriveImagesBenoit_Claudic.jpg','48.822139','2.396469','pet','Paris','Seine','benoit.claudic@efrei.net'),(211,NULL,'C:UsersBENOIOneDriveImagesBenoit_Claudic.jpg','48.822139','2.396469','pet','Paris','Seine','benoit.claudic@efrei.net'),(212,NULL,'C:UsersBENOIOneDriveImagesBenoit_Claudic.jpg','48.820613','2.397249','plastic-bag','Paris','Seine','benoit.claudic@efrei.net'),(213,NULL,'C:UsersBENOIOneDriveImagesBenoit_Claudic.jpg','48.820613','2.397249','other','Paris','Seine','benoit.claudic@efrei.net'),(214,NULL,'C:UsersBENOIOneDriveImagesBenoit_Claudic.jpg','48.820613','2.397249','other','Paris','Seine','benoit.claudic@efrei.net'),(215,NULL,'C:UsersBENOIOneDriveImagesBenoit_Claudic.jpg','48.820613','2.397249','other','Paris','Seine','benoit.claudic@efrei.net'),(216,NULL,'C:UsersBENOIOneDriveImagesBenoit_Claudic.jpg','48.828973','2.386785','other','Paris','Seine','benoit.claudic@efrei.net'),(217,NULL,'C:UsersBENOIOneDriveImagesBenoit_Claudic.jpg','48.828973','2.386785','other','Paris','Seine','benoit.claudic@efrei.net'),(218,NULL,'C:UsersBENOIOneDriveImagesBenoit_Claudic.jpg','48.828973','2.386785','pet','Paris','Seine','benoit.claudic@efrei.net'),(219,NULL,'C:UsersBENOIOneDriveImagesBenoit_Claudic.jpg','48.828973','2.386785','pet','Paris','Seine','benoit.claudic@efrei.net'),(220,NULL,'C:UsersBENOIOneDriveImagesBenoit_Claudic.jpg','48.828973','2.386785','pet','Paris','Seine','benoit.claudic@efrei.net'),(221,NULL,'C:UsersBENOIOneDriveImagesBenoit_Claudic.jpg','48.832130','2.381024','pet','Paris','Seine','benoit.claudic@efrei.net'),(222,NULL,'C:UsersBENOIOneDriveImagesBenoit_Claudic.jpg','48.832130','2.381024','pet','Paris','Seine','benoit.claudic@efrei.net'),(223,NULL,'C:UsersBENOIOneDriveImagesBenoit_Claudic.jpg','48.832130','2.381024','other','Paris','Seine','benoit.claudic@efrei.net'),(224,NULL,'C:UsersBENOIOneDriveImagesBenoit_Claudic.jpg','48.832130','2.381024','other','Paris','Seine','benoit.claudic@efrei.net'),(225,NULL,'C:UsersBENOIOneDriveImagesBenoit_Claudic.jpg','48.832130','2.381024','other','Paris','Seine','benoit.claudic@efrei.net'),(226,NULL,'C:UsersBENOIOneDriveImagesBenoit_Claudic.jpg','48.832130','2.381024','other','Paris','Seine','benoit.claudic@efrei.net'),(227,'2021-06-22','C:UsersBENOIOneDriveImagesBenoit_Claudic.jpg','48.832130','2.381024','other','Paris','Seine','benoit.claudic@efrei.net'),(228,'2021-06-29','C:UsersBENOIOneDriveImagesBenoit_Claudic.jpg','48.800052','2.415142','other','Paris','Seine','benoit.claudic@efrei.net'),(229,'2021-06-29','C:UsersBENOIOneDriveImagesBenoit_Claudic.jpg','48.800052','2.415142','other','Paris','Seine','benoit.claudic@efrei.net'),(230,'2021-06-29','C:UsersBENOIOneDriveImagesBenoit_Claudic.jpg','48.800052','2.415142','other','Paris','Seine','benoit.claudic@efrei.net'),(231,'2021-06-29','C:UsersBENOIOneDriveImagesBenoit_Claudic.jpg','48.800052','2.415142','other','Paris','Seine','benoit.claudic@efrei.net'),(232,'2021-06-29','C:UsersBENOIOneDriveImagesBenoit_Claudic.jpg','48.803094','2.413109','pet','Paris','Seine','benoit.claudic@efrei.net'),(233,'2021-06-29','C:UsersBENOIOneDriveImagesBenoit_Claudic.jpg','48.803094','2.413109','pet','Paris','Seine','benoit.claudic@efrei.net'),(234,'2021-06-29','C:UsersBENOIOneDriveImagesBenoit_Claudic.jpg','48.803083','2.410523','pet','Paris','Seine','benoit.claudic@efrei.net'),(235,'2021-06-29','C:UsersBENOIOneDriveImagesBenoit_Claudic.jpg','48.803083','2.410523','pet','Paris','Seine','benoit.claudic@efrei.net'),(236,'2021-06-29','C:UsersBENOIOneDriveImagesBenoit_Claudic.jpg','48.803083','2.410523','other','Paris','Seine','benoit.claudic@efrei.net'),(237,'2021-06-29','C:UsersBENOIOneDriveImagesBenoit_Claudic.jpg','48.787850','2.420988','other','Paris','Seine','benoit.claudic@efrei.net'),(238,'2021-06-29','C:UsersBENOIOneDriveImagesBenoit_Claudic.jpg','48.787850','2.420988','pet','Paris','Seine','benoit.claudic@efrei.net'),(239,'2021-06-29','C:UsersBENOIOneDriveImagesBenoit_Claudic.jpg','48.844137','2.272158','pet','Paris','Seine','benoit.claudic@efrei.net'),(240,'2021-06-29','C:UsersBENOIOneDriveImagesBenoit_Claudic.jpg','48.844137','2.272158','pet','Paris','Seine','benoit.claudic@efrei.net'),(241,'2021-06-29','C:UsersBENOIOneDriveImagesBenoit_Claudic.jpg','48.845132','2.274583','other','Paris','Seine','benoit.claudic@efrei.net'),(242,'2021-06-29','C:UsersBENOIOneDriveImagesBenoit_Claudic.jpg','48.845132','2.274583','other','Paris','Seine','benoit.claudic@efrei.net'),(243,'2021-06-29','C:UsersBENOIOneDriveImagesBenoit_Claudic.jpg','48.845132','2.274583','other','Paris','Seine','benoit.claudic@efrei.net'),(244,'2021-06-29','C:UsersBENOIOneDriveImagesBenoit_Claudic.jpg','48.848719','2.276804','other','Paris','Seine','benoit.claudic@efrei.net'),(245,'2021-06-29','C:UsersBENOIOneDriveImagesBenoit_Claudic.jpg','48.848719','2.276804','other','Paris','Seine','benoit.claudic@efrei.net'),(246,'2021-06-29','C:UsersBENOIOneDriveImagesBenoit_Claudic.jpg','48.848719','2.276804','other','Paris','Seine','benoit.claudic@efrei.net'),(247,'2021-06-29','C:UsersBENOIOneDriveImagesBenoit_Claudic.jpg','48.848719','2.276804','other','Paris','Seine','benoit.claudic@efrei.net'),(248,'2021-06-29','C:UsersBENOIOneDriveImagesBenoit_Claudic.jpg','48.848719','2.276804','other','Paris','Seine','benoit.claudic@efrei.net'),(249,'2021-06-29','C:UsersBENOIOneDriveImagesBenoit_Claudic.jpg','48.848719','2.276804','other','Paris','Seine','benoit.claudic@efrei.net'),(250,'2021-06-29','C:UsersBENOIOneDriveImagesBenoit_Claudic.jpg','48.850893','2.281385','other','Paris','Seine','benoit.claudic@efrei.net'),(251,'2021-06-29','C:UsersBENOIOneDriveImagesBenoit_Claudic.jpg','48.850893','2.281385','other','Paris','Seine','benoit.claudic@efrei.net'),(252,'2021-06-29','C:UsersBENOIOneDriveImagesBenoit_Claudic.jpg','48.853059','2.283618','other','Paris','Seine','benoit.claudic@efrei.net'),(253,'2021-06-29','C:UsersBENOIOneDriveImagesBenoit_Claudic.jpg','48.853785','2.285286','other','Paris','Seine','benoit.claudic@efrei.net'),(254,'2021-06-29','C:UsersBENOIOneDriveImagesBenoit_Claudic.jpg','48.853785','2.285286','other','Paris','Seine','benoit.claudic@efrei.net');
/*!40000 ALTER TABLE `dechet` ENABLE KEYS */;
UNLOCK TABLES;

--
-- Table structure for table `departement`
--

DROP TABLE IF EXISTS `departement`;
/*!40101 SET @saved_cs_client     = @@character_set_client */;
/*!50503 SET character_set_client = utf8mb4 */;
CREATE TABLE `departement` (
  `num_departement` varchar(50) DEFAULT NULL,
  `nom_departement` varchar(50) NOT NULL,
  `nom_region` varchar(50) NOT NULL,
  PRIMARY KEY (`nom_departement`),
  KEY `nom_region` (`nom_region`),
  CONSTRAINT `departement_ibfk_1` FOREIGN KEY (`nom_region`) REFERENCES `region` (`nom_region`)
) ENGINE=InnoDB DEFAULT CHARSET=utf8mb4 COLLATE=utf8mb4_0900_ai_ci;
/*!40101 SET character_set_client = @saved_cs_client */;

--
-- Dumping data for table `departement`
--

LOCK TABLES `departement` WRITE;
/*!40000 ALTER TABLE `departement` DISABLE KEYS */;
INSERT INTO `departement` VALUES ('01','Ain','Auvergne-Rhone-Alpes'),('02','Aisne','Hauts-de-France'),('03','Allier','Auvergne-Rhone-Alpes'),('04','Alpes-de-Haute-Provence','Provence-Alpes-Cotes d\'Azur'),('06','Alpes-Maritimes','Provence-Alpes-Cotes d\'Azur'),('07','Ardeche','Auvergne-Rhone-Alpes'),('08','Ardennes','Grand Est'),('09','Ariege','Occitanie'),('10','Aube','Grand Est'),('11','Aude','Occitanie'),('12','Aveyron','Occitanie'),('67','Bas-Rhin','Grand Est'),('13','Bouches-du-Rhone','Provence-Alpes-Cotes d\'Azur'),('14','Calvados','Normandie'),('15','Cantal','Auvergne-Rhone-Alpes'),('16','Charente','Nouvelle-Aquitaine'),('17','Charente-Maritime','Nouvelle-Aquitaine'),('18','Cher','Centre-Val de Loire'),('19','Correze','Nouvelle-Aquitaine'),('2A','Corse-du-Sud','Corse'),('21','Cote-d\'Or','Bourgogne-France-Comte'),('22','Cotes-d\'Armor','Bretagne'),('23','Creuse','Nouvelle-Aquitaine'),('79','Deux-Sevres','Nouvelle-Aquitaine'),('24','Dordogne','Nouvelle-Aquitaine'),('25','Doubs','Bourgogne-France-Comte'),('26','Drome','Auvergne-Rhone-Alpes'),('91','Essonne','Ile-de-France'),('27','Eure','Normandie'),('28','Eure-et-Loir','Centre-Val de Loire'),('29','Finistere','Bretagne'),('30','Gard','Occitanie'),('32','Gers','Occitanie'),('33','Gironde','Nouvelle-Aquitaine'),('68','Haut-Rhin','Grand Est'),('2B','Haute-Corse','Corse'),('31','Haute-Garonne','Occitanie'),('43','Haute-Loire','Auvergne-Rhone-Alpes'),('52','Haute-Marne','Grand Est'),('70','Haute-Saone','Bourgogne-France-Comte'),('74','Haute-Savoie','Auvergne-Rhone-Alpes'),('87','Haute-Vienne','Nouvelle-Aquitaine'),('05','Hautes-Alpes','Provence-Alpes-Cotes d\'Azur'),('65','Hautes-Pyrenees','Occitanie'),('92','Hauts-de-Seine','Ile-de-France'),('34','Herault','Occitanie'),('35','Ille-et-Vilaine','Bretagne'),('36','Indre','Centre-Val de Loire'),('37','Indre-et-Loire','Centre-Val de Loire'),('38','Isere','Auvergne-Rhone-Alpes'),('39','Jura','Bourgogne-France-Comte'),('40','Landes','Nouvelle-Aquitaine'),('41','Loir-et-Cher','Centre-Val de Loire'),('42','Loire','Auvergne-Rhone-Alpes'),('44','Loire-Atlantique','Pays de la Loire'),('45','Loiret','Centre-Val de Loire'),('46','Lot','Occitanie'),('47','Lot-et-Garonne','Nouvelle-Aquitaine'),('48','Lozere','Occitanie'),('49','Maine-et-Loire','Pays de la Loire'),('50','Manche','Normandie'),('51','Marne','Grand Est'),('53','Mayenne','Pays de la Loire'),('54','Meurthe-et-Moselle','Grand Est'),('55','Meuse','Grand Est'),('56','Morbihan','Bretagne'),('57','Moselle','Grand Est'),('58','Nievre','Bourgogne-France-Comte'),('59','Nord','Hauts-de-France'),('60','Oise','Hauts-de-France'),('61','Orne','Normandie'),('75','Paris','Ile-de-France'),('62','Pas-de-Calais','Hauts-de-France'),('63','Puy-de-Dome','Auvergne-Rhone-Alpes'),('64','Pyrenees-Atlantiques','Nouvelle-Aquitaine'),('66','Pyrenees-Orientales','Occitanie'),('69','Rhone','Auvergne-Rhone-Alpes'),('71','Saone-et-Loire','Bourgogne-France-Comte'),('72','Sarthe','Pays de la Loire'),('73','Savoie','Auvergne-Rhone-Alpes'),('77','Seine-et-Marne','Ile-de-France'),('76','Seine-Maritime','Normandie'),('93','Seine-St-Denis','Ile-de-France'),('80','Somme','Hauts-de-France'),('81','Tarn','Occitanie'),('82','Tarn-et-Garonne','Occitanie'),('90','Territoire de Belfort','Bourgogne-France-Comte'),('95','Val-d\'Oise','Ile-de-France'),('94','Val-de-Marne','Ile-de-France'),('83','Var','Provence-Alpes-Cotes d\'Azur'),('84','Vaucluse','Provence-Alpes-Cotes d\'Azur'),('85','Vendee','Pays de la Loire'),('86','Vienne','Nouvelle-Aquitaine'),('88','Vosges','Grand Est'),('89','Yonne','Bourgogne-France-Comte'),('78','Yvelines','Ile-de-France');
/*!40000 ALTER TABLE `departement` ENABLE KEYS */;
UNLOCK TABLES;

--
-- Table structure for table `fleuve`
--

DROP TABLE IF EXISTS `fleuve`;
/*!40101 SET @saved_cs_client     = @@character_set_client */;
/*!50503 SET character_set_client = utf8mb4 */;
CREATE TABLE `fleuve` (
  `nom_fleuve` varchar(50) NOT NULL,
  `longueur` int DEFAULT NULL,
  PRIMARY KEY (`nom_fleuve`)
) ENGINE=InnoDB DEFAULT CHARSET=utf8mb4 COLLATE=utf8mb4_0900_ai_ci;
/*!40101 SET character_set_client = @saved_cs_client */;

--
-- Dumping data for table `fleuve`
--

LOCK TABLES `fleuve` WRITE;
/*!40000 ALTER TABLE `fleuve` DISABLE KEYS */;
INSERT INTO `fleuve` VALUES ('Aa',89),('Aber-Benoît',31),('Aber-Ildut',24),('Aber-Wrac\'h',34),('Adour',309),('Agly',82),('Arc',83),('Argens',116),('Arguenon',53),('Arques',6),('Aude',224),('Aulne',140),('Auray',56),('Authie',103),('Auzance',38),('Aven',39),('Ay',33),('Banche',22),('Bélon',26),('Bevinco',28),('Bidassoa',66),('Blavet',149),('Boivre',17),('Boudigau',26),('Brague',15),('Bravona',37),('Bresle',68),('Cagne',28),('Canche',100),('Cavo',22),('Charente',381),('Couesnon',101),('Courant d\'Huchet',5),('Courant de Contis',12),('Courant de Mimizan',7),('Courant de Soustons',7),('Curé',45),('Diélette',13),('Dives',105),('Divette',28),('Dordogne',483),('Douron',27),('Douve',79),('Drouet',7),('Dun',13),('Durdent',24),('Ellé',60),('Élorn',56),('Escaut',355),('Étel',35),('Eyre',118),('Falleron',52),('Fango',23),('Figarella',24),('Fium\'Alto',31),('Fiumorbo',46),('Flora',10),('Frémur',21),('Gapeau',47),('Garonne',647),('Golo',90),('Gouessant',41),('Gouët',47),('Goyen',32),('Guillec',25),('Guyoult',33),('Hérault',148),('Horn',27),('Huveaune',48),('Ic',17),('Isole',48),('Jaudy',48),('Kerallé',16),('Kergolo',4),('Laïta',17),('Lay',120),('Léguer',60),('Lez',30),('Liamone',41),('Liane',37),('Libron',44),('Liscu',11),('Loire',1012),('Loup',49),('Maye',38),('Merrien',7),('Meuse',950),('Minaouët',10),('Moros',17),('Nivelle',45),('Odet',62),('Orb',136),('Orne',170),('Ostriconi',23),('Paillon',28),('Penfeld',16),('Penzé',40),('Pont l\'Abbé',25),('Porto',24),('Porz Donan',3),('Prunelli',44),('Quillimadec',26),('Quinic',8),('Rance',102),('Rat',11),('Reppe',18),('Rhin',1325),('Rhône',812),('Rivière de Morlaix',24),('Rivière de Saint-Éloi ',37),('Rizzanese',44),('Roya',60),('Saâne',41),('Saint-Laurent',11),('Saire',30),('Scie',37),('Scorff',79),('Sée',78),('Seine',776),('Sélune',91),('Seudre',68),('Seulles',72),('Sèvre Niortaise',158),('Siagne',44),('Sienne',93),('Sinope',25),('Slack',22),('Somme',245),('Taravo',66),('Tavignano',89),('Tech',84),('Têt',116),('Thar',25),('Touloubre',59),('Touques',108),('Travo',33),('Trieux',72),('Uhabia',15),('Untxin',11),('Valmont',14),('Vanlée',16),('Var',114),('Véret',13),('Vidourle',95),('Vie',62),('Vilaine',225),('Vincin',16),('Vire',128),('Vistre',50),('Wimereux',22),('Yères',40),('Yser',78);
/*!40000 ALTER TABLE `fleuve` ENABLE KEYS */;
UNLOCK TABLES;

--
-- Table structure for table `region`
--

DROP TABLE IF EXISTS `region`;
/*!40101 SET @saved_cs_client     = @@character_set_client */;
/*!50503 SET character_set_client = utf8mb4 */;
CREATE TABLE `region` (
  `nom_region` varchar(50) NOT NULL,
  `nb_habitants` int DEFAULT NULL,
  PRIMARY KEY (`nom_region`)
) ENGINE=InnoDB DEFAULT CHARSET=utf8mb4 COLLATE=utf8mb4_0900_ai_ci;
/*!40101 SET character_set_client = @saved_cs_client */;

--
-- Dumping data for table `region`
--

LOCK TABLES `region` WRITE;
/*!40000 ALTER TABLE `region` DISABLE KEYS */;
INSERT INTO `region` VALUES ('Auvergne-Rhone-Alpes',8000000),('Bourgogne-France-Comte',2807807),('Bretagne',3329000),('Centre-Val de Loire',2567000),('Corse',339178),('Grand Est',5559051),('Hauts-de-France',6004108),('Ile-de-France',12210000),('Normandie',3342467),('Nouvelle-Aquitaine',5911482),('Occitanie',5885496),('Pays de la Loire',3787000),('Provence-Alpes-Cotes d\'Azur',5059000);
/*!40000 ALTER TABLE `region` ENABLE KEYS */;
UNLOCK TABLES;

--
-- Table structure for table `usine`
--

DROP TABLE IF EXISTS `usine`;
/*!40101 SET @saved_cs_client     = @@character_set_client */;
/*!50503 SET character_set_client = utf8mb4 */;
CREATE TABLE `usine` (
  `ID_usine` int NOT NULL,
  `latitude` decimal(18,14) NOT NULL,
  `longitude` decimal(17,14) DEFAULT NULL,
  `nom_usine` varchar(50) NOT NULL,
  `secteur` varchar(50) DEFAULT NULL,
  `nom_region` varchar(50) NOT NULL,
  `nom_utilisateur` varchar(50) NOT NULL,
  PRIMARY KEY (`ID_usine`),
  KEY `nom_region` (`nom_region`),
  KEY `nom_utilisateur` (`nom_utilisateur`),
  CONSTRAINT `usine_ibfk_1` FOREIGN KEY (`nom_region`) REFERENCES `region` (`nom_region`),
  CONSTRAINT `usine_ibfk_2` FOREIGN KEY (`nom_utilisateur`) REFERENCES `utilisateur` (`nom_utilisateur`)
) ENGINE=InnoDB DEFAULT CHARSET=utf8mb4 COLLATE=utf8mb4_0900_ai_ci;
/*!40101 SET character_set_client = @saved_cs_client */;

--
-- Dumping data for table `usine`
--

LOCK TABLES `usine` WRITE;
/*!40000 ALTER TABLE `usine` DISABLE KEYS */;
INSERT INTO `usine` VALUES (1,47.84007120000000,-0.33520480000000,'LDC','Agroalimentaire','Pays de la Loire','luc.manceau@efrei.net'),(2,43.74400000000000,4.22110000000000,'Nestlé','Agroalimentaire','Occitanie','luc.manceau@efrei.net'),(3,47.90140000000000,-3.44030000000000,'Bigard','Agroalimentaire','Bretagne','remi.legrand@efrei.net'),(4,47.07285370000000,-0.87390020000000,'Charal','Agroalimentaire','Pays de la Loire','remi.legrand@efrei.net'),(5,46.34990000000000,6.61960000000000,'Evian','Agroalimentaire','Auvergne-Rhone-Alpes','benoit.claudic@efrei.net'),(6,50.38286610000000,2.35306980000000,'Herta','Agroalimentaire','Hauts-de-France','benoit.claudic@efrei.net'),(7,48.76083350000000,7.41284410000000,'Mars','Agroalimentaire','Grand Est','luc.manceau@efrei.net'),(8,45.87254200000000,3.03757010000000,'Volvic','Agroalimentaire','Auvergne-Rhone-Alpes','luc.manceau@efrei.net'),(9,49.04246520996094,3.96341347694397,'MHCS','Agroalimentaire','Auvergne-Rhone-Alpes','luc.manceau@efrei.net'),(10,45.98921203613281,4.71182918548584,'Bledina','Agroalimentaire','Auvergne-Rhone-Alpes','luc.manceau@efrei.net'),(11,49.51006930000000,-1.46953560000000,'Les maitres laitiers du Cotentin','Agroalimentaire','Grand Est','luc.manceau@efrei.net'),(12,43.70245600000000,4.19170250000000,'Royal Canin','Agroalimentaire','Occitanie','camelia.aoussedj@efrei.net'),(13,47.15769890000000,-1.59675950000000,'Airbus Operations','Aéronautique','Pays de la Loire','camelia.aoussedj@efrei.net'),(14,44.68330000000000,-0.53330000000000,'Manuf Franc Pneumatiq Michelin','Véhicules','Nouvelle-Aquitaine','camelia.aoussedj@efrei.net'),(15,43.44009017944336,5.22258281707764,'Airbus helicopters','Aéronautique','Provence-Alpes-Cotes d\'Azur','remi.legrand@efrei.net'),(16,47.82010000000000,7.38300000000000,'PSA Automobiles SA','Véhicules','Grand Est','remi.legrand@efrei.net'),(17,45.78462219238281,4.70608425140381,'Sanofi Pasteur','Santé','Auvergne-Rhone-Alpes','remi.legrand@efrei.net'),(18,48.94127520000000,2.30526010000000,'Thales Six GTS France SAS','Défense','Ile-de-France','luc.manceau@efrei.net'),(19,48.93563360000000,2.26106640000000,'Safran Aircraft engines','Aéronautique','Ile-de-France','luc.manceau@efrei.net'),(20,43.55971320000000,1.49689220000000,'Airbus defence and space SAS','Aéronautique','Occitanie','luc.manceau@efrei.net'),(21,47.15769890000000,-1.59675950000000,'Airbus operations','Aéronautique','Pays de la Loire','luc.manceau@efrei.net'),(22,43.24007590000000,-0.28639130000000,'Safran helicopters engines','Aéronautique','Occitanie','luc.manceau@efrei.net'),(23,47.27335170000000,-2.21389050000000,'Chantiers de l\'Atlantique','Construction','Pays de la Loire','benoit.claudic@efrei.net'),(24,50.51489639282227,2.84373092651367,'Francaise de mécanique','équipements','Hauts-de-France','benoit.claudic@efrei.net'),(25,43.54769970000000,1.39410940000000,'Thales Alenia Space','équipements','Occitanie','benoit.claudic@efrei.net'),(26,48.70144920000000,2.10192450000000,'Orando démantelement','électricité','Ile-de-France','benoit.claudic@efrei.net'),(27,48.88083150000000,2.35061880000000,'EDF','électricité','Île-de-France','benoit.claudic@efrei.net'),(28,45.71289030000000,4.89851390000000,'Renault trucks','Véhicules','Auvergne-Rhone-Alpes','benoit.claudic@efrei.net'),(29,48.46709610000000,7.49153570000000,'Hager Electro SAS','Electronique','Grand Est','benoit.claudic@efrei.net'),(30,49.49647600000000,0.21543230000000,'Safran Nacelles','Aéronautique','Normandie','benoit.claudic@efrei.net'),(31,48.92483940000000,2.25274440000000,'Safran Aircraft Engines','Aéronautique','Ile-de-France','benoit.claudic@efrei.net'),(32,47.92500780000000,1.99336370000000,'Parfums Christian Dior','Santé','Centre-Val de Loire','benoit.claudic@efrei.net'),(34,45.37890243530273,3.36750030517578,'Constellium Issoire','Machines','Auvergne-Rhone-Alpes','benoit.claudic@efrei.net'),(35,50.27106220000000,3.91552910000000,'Constellium Issoire','Machines','Hauts-de-France','benoit.claudic@efrei.net'),(36,43.55236420000000,-1.45981370000000,'Safran helicopters engines','Aéronautique','Occitanie','benoit.claudic@efrei.net'),(37,49.99320680000000,2.65726940000000,'Stelia aerospace','Aéronautique','Hauts-de-France','benoit.claudic@efrei.net'),(38,49.64654120000000,-1.63499470000000,'Naval Group','Construction ','Normandie','benoit.claudic@efrei.net'),(39,45.83060000000000,5.28959000000000,'EDF','électricité','Auvergne-Rhone-Alpes','benoit.claudic@efrei.net'),(40,47.22862960000000,0.16992030000000,'EDF','électricité','Centre-Val de Loire','luc.manceau@efrei.net'),(41,49.40744050000000,6.24466900000000,'EDF','électricité','Grand Est','luc.manceau@efrei.net'),(42,45.03039420000000,4.98455760000000,'EDF','électricité','Auvergne-Rhone-Alpes','luc.manceau@efrei.net'),(43,49.74693298339844,1.93009305000305,'Pochet du Courval','Verre','Hauts-de-France','luc.manceau@efrei.net'),(44,46.62346730000000,3.76053530000000,'FPT Powertrain Technologies','équipements','Bourgogne-France-Comte','luc.manceau@efrei.net'),(45,47.06644160000000,-0.85882020000000,'Thales SIX GTS France SAS','Electronique','Pays de la Loire','luc.manceau@efrei.net'),(46,47.60021120000000,1.31990140000000,'BorgWarner France SAS','équipements','Centre-Val de Loire','luc.manceau@efrei.net'),(47,45.24700000000000,-0.62440000000000,'EDF','électricité','Nouvelle-Aquitaine','luc.manceau@efrei.net'),(48,43.70273530000000,6.99042920000000,'V Mane Fils','produits chimiques','Provence-Alpes-Cotes d\'Azur','luc.manceau@efrei.net'),(49,49.17710380000000,-0.32022310000000,'PSA','Véhicules','Normandie','luc.manceau@efrei.net'),(50,50.32930000000000,3.39430000000000,'Michelin','Véhicules','Hauts-de-France','luc.manceau@efrei.net'),(51,48.09586280000000,7.37178810000000,'Liebherr-France','Véhicules','Grand Est','luc.manceau@efrei.net'),(52,48.75121307373047,2.35349774360657,'Thales','Systèmes de navigation','Ile-de-France','luc.manceau@efrei.net'),(53,49.48854720000000,0.56669920000000,'Exonnmobil','produits chimiques','Normandie','luc.manceau@efrei.net'),(54,48.79064190000000,1.97416980000000,'Thales','Electronique','Ile-de-France','luc.manceau@efrei.net'),(55,50.36670000000000,3.46670000000000,'Alstom Transport','Construction','Hauts-de-France','luc.manceau@efrei.net'),(56,46.13513440000000,-1.12082640000000,'Alstom Transport','Construction','Nouvelle-Aquitaine','luc.manceau@efrei.net'),(57,46.35999500000000,2.53686610000000,'Safran Electronics & Defense','Electronique','Auvergne-Rhone-Alpes','luc.manceau@efrei.net'),(58,48.38360600000000,2.94285550000000,'Silec Cable','Electronique','Ile-de-France','benoit.claudic@efrei.net'),(59,49.41554690000000,2.11294950000000,'AGCO SAS','Véhicules','Hauts-de-France','benoit.claudic@efrei.net'),(60,50.53823852539063,2.65913963317871,'Bridgeston France','Véhicules','Hauts-de-France','benoit.claudic@efrei.net'),(61,48.99999050000000,1.13783140000000,'Glaxo Welcome Production','Santé','Normandie','benoit.claudic@efrei.net'),(62,45.52508870000000,4.25948110000000,'SNF SA','produits chimiques','Auvergne-Rhone-Alpes','benoit.claudic@efrei.net'),(63,49.48190307617188,0.80392712354660,'Flexi France','Machines ','Normandie','benoit.claudic@efrei.net'),(64,43.66594300000000,1.41276810000000,'Liebherr aerospace Toulouse SAS','Aéronautique','Occitanie','benoit.claudic@efrei.net'),(65,45.74901850000000,4.74038700000000,'Biomerieux','produits chimiques','Auvergne-Rhone-Alpes','benoit.claudic@efrei.net'),(66,46.70010000000000,4.38830000000000,'Michelin','Véhicules','Bourgogne-France-Comte','benoit.claudic@efrei.net'),(67,49.30828490000000,6.13371930000000,'Thyssenkrupp Prest France SAS','équipements','Grand Est','benoit.claudic@efrei.net'),(68,49.50543500000000,0.60053860000000,'Esso Rafinage','Véhicules','Normandie','benoit.claudic@efrei.net'),(69,49.92652190000000,2.28633070000000,'Procter & Gamble','Santé','Hauts-de-France','benoit.claudic@efrei.net'),(70,49.25410000000000,1.20960000000000,'Aptar France SAS','emballages plastiques','Normandie','benoit.claudic@efrei.net'),(71,48.89092600000000,2.17585360000000,'Unilever','Santé','Ile-de-France','benoit.claudic@efrei.net'),(72,43.28123350000000,5.62077310000000,'Thales','Electronique','Provence-Alpes-Cotes d\'Azur','benoit.claudic@efrei.net'),(73,43.56367510000000,1.38469930000000,'Thales','Systèmes de navigation','Occitanie','benoit.claudic@efrei.net'),(74,43.49695587158203,-1.49774479866028,'Dassault Aviation','Aéronautique','Nouvelle-Aquitaine','benoit.claudic@efrei.net'),(75,43.17861130000000,-0.60693090000000,'Safran','Aéronautique','Nouvelle-Aquitaine','benoit.claudic@efrei.net'),(76,48.53173820000000,7.50286630000000,'Safran','Aéronautique','Grand Est','benoit.claudic@efrei.net'),(77,46.17680130000000,4.20443370000000,'Michelin','Véhicules','Auvergne-Rhone-Alpes','benoit.claudic@efrei.net'),(78,45.89306800000000,3.11366670000000,'Laboratoires Merck Sharp & Dohme-Chibret','Santé','Auvergne-Rhone-Alpes','benoit.claudic@efrei.net'),(79,48.64558820000000,2.07582600000000,'Thales','Systèmes de navigation','Ile-de-France','benoit.claudic@efrei.net'),(80,45.90349180000000,6.11600530000000,'NTN-SUR roulements','Machines','Auvergne-Rhone-Alpes','benoit.claudic@efrei.net'),(81,45.26447250000000,5.87985100000000,'SOITEC','Electronique','Auvergne-Rhone-Alpes','benoit.claudic@efrei.net'),(82,48.92310910000000,7.66137190000000,'Alstom Transport','Construction','Grand Est','benoit.claudic@efrei.net'),(83,45.75865540000000,4.91725750000000,'Alstom Transport','Construction','Auvergne-Rhone-Alpes','benoit.claudic@efrei.net'),(84,45.64990800000000,3.70888010000000,'Sanofi chimie','Santé','Auvergne-Rhone-Alpes','benoit.claudic@efrei.net'),(85,49.54555360000000,0.10854100000000,'Sidel Blowing & Service','Machines','Normandie','benoit.claudic@efrei.net'),(86,48.53521750000000,-0.46728880000000,'SNV','Agroalimentaire','Normandie','benoit.claudic@efrei.net'),(87,48.47460000000000,3.43980000000000,'EDF','électricité','Grand Est','benoit.claudic@efrei.net'),(88,47.44140000000000,2.80950000000000,'EDF','électricité','Centre-Val de Loire','benoit.claudic@efrei.net'),(89,46.44478000000000,0.66554000000000,'EDF','électricité','Nouvelle-Aquitaine','benoit.claudic@efrei.net'),(90,45.84895800000000,5.78551800000000,'CIAT','équipements','Auvergne-Rhone-Alpes','benoit.claudic@efrei.net'),(91,48.37274240000000,7.59325880000000,'Socomec','Electronique','Grand Est','benoit.claudic@efrei.net'),(92,43.60430000000000,1.44370000000000,'Latecoere','Aéronautique','Occitanie','benoit.claudic@efrei.net'),(93,46.71712112426758,-1.42968094348907,'Cougnaud Construction','Construction','Pays de la Loire','benoit.claudic@efrei.net'),(94,47.69175760000000,-0.86124820000000,'Paulstra SNC','équipements','Pays de la Loire','benoit.claudic@efrei.net'),(95,48.27035903930664,7.28348016738892,'Schmidt Groupe','Construction','Grand Est','benoit.claudic@efrei.net'),(96,48.04867172241211,7.32618093490601,'Ricoh Industrie France','Electronique','Grand Est','benoit.claudic@efrei.net'),(97,46.06794738769531,4.08841609954834,'Nexter Systems','Défense','Auvergne-Rhone-Alpes','benoit.claudic@efrei.net');
/*!40000 ALTER TABLE `usine` ENABLE KEYS */;
UNLOCK TABLES;

--
-- Table structure for table `utilisateur`
--

DROP TABLE IF EXISTS `utilisateur`;
/*!40101 SET @saved_cs_client     = @@character_set_client */;
/*!50503 SET character_set_client = utf8mb4 */;
CREATE TABLE `utilisateur` (
  `nom_utilisateur` varchar(50) NOT NULL,
  `passwd` varchar(50) DEFAULT NULL,
  PRIMARY KEY (`nom_utilisateur`)
) ENGINE=InnoDB DEFAULT CHARSET=utf8mb4 COLLATE=utf8mb4_0900_ai_ci;
/*!40101 SET character_set_client = @saved_cs_client */;

--
-- Dumping data for table `utilisateur`
--

LOCK TABLES `utilisateur` WRITE;
/*!40000 ALTER TABLE `utilisateur` DISABLE KEYS */;
INSERT INTO `utilisateur` VALUES ('amelie.jond@efrei.net','Verysecret4!'),('benoit.claudic@efrei.net','Verysecret1!'),('camelia.aoussedj@efrei.net','Verysecret6!'),('luc.manceau@efrei.net','Verysecret3!'),('maximilien.dufau@efrei.net','Verysecret5!'),('remi.legrand@efrei.net','Verysecret2!');
/*!40000 ALTER TABLE `utilisateur` ENABLE KEYS */;
UNLOCK TABLES;
/*!40103 SET TIME_ZONE=@OLD_TIME_ZONE */;

/*!40101 SET SQL_MODE=@OLD_SQL_MODE */;
/*!40014 SET FOREIGN_KEY_CHECKS=@OLD_FOREIGN_KEY_CHECKS */;
/*!40014 SET UNIQUE_CHECKS=@OLD_UNIQUE_CHECKS */;
/*!40101 SET CHARACTER_SET_CLIENT=@OLD_CHARACTER_SET_CLIENT */;
/*!40101 SET CHARACTER_SET_RESULTS=@OLD_CHARACTER_SET_RESULTS */;
/*!40101 SET COLLATION_CONNECTION=@OLD_COLLATION_CONNECTION */;
/*!40111 SET SQL_NOTES=@OLD_SQL_NOTES */;

-- Dump completed on 2021-07-05  8:43:47
